AssociatedContentTypes,ContentDatabase,DeleteTransactionId,Description,EnableVersioning,ItemCount,ListBaseType,ListCreatedDate,ListDefinitionInternalName,ListId,ListTemplateName,ListTitle,ServerTemplate,SiteCollection,SiteCollectionOwner,SolutionId,SolutionName,UniqueItemPermissionsEnabled,WebApplication,WebUrl
N/A,Portal_Content_01,0x,My List Instance,FALSE,0,Generic List,6/3/2016 11:23:02 AM,List1,c923c8f9-26a0-49e2-8249-09ac1d9c8477,List1,List1,10000,https://intranet.poc.com/sites/dd,N/A,N/A,sharepointproject2.wsp,FALSE,https://intranet.poc.com/,https://intranet.poc.com/sites/dd
ContosoLibraryContentType~0x010100C32DDAB6381C44868DCD5ADC4A5307D600DB0F0E3B5203104F8EA3C71C78C5919F,Portal_Content_01,0x,Contoso Library Instance,FALSE,1,Document Library,10/21/2014 4:31:46 PM,LTContosoLibrary,8da8b501-2538-4cc9-a48c-e67ccecfed7d,Contoso Library,ContosoLibrary,10003,https://intranet.poc.com/sites/PocContosoTeamSite,N/A,N/A,contoso.intranet.wsp,FALSE,https://intranet.poc.com/,https://intranet.poc.com/sites/PocContosoTeamSite
ContosoLibraryContentType~0x010100C32DDAB6381C44868DCD5ADC4A5307D60013C1D6F617EB3A4C942F4E6FEB465624,Portal_Content_01,0x,Contoso Library Instance,FALSE,0,Document Library,10/29/2014 6:34:57 PM,LTContosoLibrary,a3c57ffa-e181-4a32-bb14-fce0e48aa05e,Contoso Library,ContosoLibrary,10003,https://intranet.poc.com/sites/AnubhavPublishing,N/A,N/A,contoso.intranet.wsp,FALSE,https://intranet.poc.com/,https://intranet.poc.com/sites/AnubhavPublishing
ContosoLibraryContentType~0x010100C32DDAB6381C44868DCD5ADC4A5307D600175B6ECDA1206D4988B76D069CA4AC5B,Portal_Content_01,0x,Contoso Library Instance,FALSE,0,Document Library,5/5/2015 12:32:45 AM,LTContosoLibrary,55e27aed-7f66-4d88-8fac-9cc456c11078,Contoso Library,ContosoLibrary,10003,https://intranet.poc.com/sites/TestingUnghostingTool,N/A,N/A,contoso.intranet.wsp,FALSE,https://intranet.poc.com/,https://intranet.poc.com/sites/TestingUnghostingTool
ContosoLibraryContentType~0x010100C32DDAB6381C44868DCD5ADC4A5307D600E6A6938B3DA0C9448E8427BBF82A4A16,Portal_Content_01,0x,Contoso Library Instance,FALSE,0,Document Library,4/2/2015 6:20:14 AM,LTContosoLibrary,575dc104-8dc5-4d30-b65a-22f717b8e72a,Contoso Library,ContosoLibrary,10003,https://intranet.poc.com/sites/DemoContosoPublishing,N/A,N/A,contoso.intranet.wsp,FALSE,https://intranet.poc.com/,https://intranet.poc.com/sites/DemoContosoPublishing
ContosoLibraryContentType~0x010100C32DDAB6381C44868DCD5ADC4A5307D60042F283218AD59543909ABB5B272AA58B,Portal_Content_01,0x,Contoso Library Instance,FALSE,1,Document Library,3/20/2015 6:07:43 PM,LTContosoLibrary,9b047cd2-e47e-4284-a913-2116419d3a73,Contoso Library,ContosoLibrary,10003,https://intranet.poc.com/sites/SudhaContosoPublishingSite,N/A,N/A,contoso.intranet.wsp,FALSE,https://intranet.poc.com/,https://intranet.poc.com/sites/SudhaContosoPublishingSite
ContosoLibraryContentType~0x010100C32DDAB6381C44868DCD5ADC4A5307D60041D0327CC94FD24F90B3A543F2208708,Portal_Content_01,0x,Contoso Library Instance,FALSE,0,Document Library,10/28/2014 11:49:50 PM,LTContosoLibrary,7632f2e6-7ca3-4070-af20-c6fb4146e23b,Contoso Library,ContosoLibrary,10003,https://intranet.poc.com/sites/GhostableContosoPublishingSite,N/A,N/A,contoso.intranet.wsp,FALSE,https://intranet.poc.com/,https://intranet.poc.com/sites/GhostableContosoPublishingSite
ContosoLibraryContentType~0x010100C32DDAB6381C44868DCD5ADC4A5307D600E30E5CF557FF1543A40D1F5099ABFA95,Portal_Content_01,0x,Contoso Library Instance,FALSE,0,Document Library,3/10/2015 7:42:47 PM,LTContosoLibrary,9f29bdc2-6d91-4c74-87a9-d58537951be0,Contoso Library,ContosoLibrary,10003,https://intranet.poc.com/sites/TestcontosopublishingsiteForTransformationUnghostTools,N/A,N/A,contoso.intranet.wsp,FALSE,https://intranet.poc.com/,https://intranet.poc.com/sites/TestcontosopublishingsiteForTransformationUnghostTools
ContosoLibraryContentType~0x010100C32DDAB6381C44868DCD5ADC4A5307D6007699C0CC7E8DA644AF9CFB64C29B60C2,Portal_Content_01,0x,Contoso Library Instance,TRUE,2,Document Library,10/18/2014 12:22:58 AM,LTContosoLibrary,aa63021e-a752-4f45-bf27-3cb8f76521ae,Contoso Library,ContosoLibrary,10003,https://intranet.poc.com/sites/TestContosoPublishingSite,N/A,N/A,contoso.intranet.wsp,FALSE,https://intranet.poc.com/,https://intranet.poc.com/sites/TestContosoPublishingSite
ContosoLibraryContentType~0x010100C32DDAB6381C44868DCD5ADC4A5307D600BAA9E07C241B6D47BE61F386070E64F9,Portal_Content_01,0x,,TRUE,0,Document Library,9/3/2015 9:18:13 AM,LTContosoLibrary,1fb37a71-52aa-4037-af35-62cc8595b292,Contoso Library,TestingContoso,10003,https://intranet.poc.com/sites/ConstosoTemplate1,N/A,N/A,contoso.intranet.wsp,FALSE,https://intranet.poc.com/,https://intranet.poc.com/sites/ConstosoTemplate1
ContosoLibraryContentType~0x010100C32DDAB6381C44868DCD5ADC4A5307D600AB477AC4C882184495BCDDADACD0159C,Portal_Content_01,0x,Contoso Library Instance,FALSE,1,Document Library,3/23/2015 8:07:51 PM,LTContosoLibrary,8fb4cc06-8444-467f-845c-9944ccb1c76b,Contoso Library,ContosoLibrary,10003,https://intranet.poc.com/sites/ConstosoTemplate1,N/A,N/A,contoso.intranet.wsp,FALSE,https://intranet.poc.com/,https://intranet.poc.com/sites/ConstosoTemplate1
ContosoLibraryContentType~0x010100C32DDAB6381C44868DCD5ADC4A5307D600882A035F1E45A348A3CE4E5FED36BBE5,Portal_Content_01,0x,Contoso Library Instance,FALSE,0,Document Library,6/9/2015 7:11:22 AM,LTContosoLibrary,8fcd3431-bbe8-44d2-bf8c-40e4470377ee,Contoso Library,ContosoLibrary,10003,https://intranet.poc.com/sites/TestContosoTeamSite,N/A,N/A,contoso.intranet.wsp,FALSE,https://intranet.poc.com/,https://intranet.poc.com/sites/TestContosoTeamSite/TestChildPubSIte
ContosoLibraryContentType~0x010100C32DDAB6381C44868DCD5ADC4A5307D600F359031D07D43346A1AAA6CFF3896750,Portal_Content_01,0x,Contoso Library Instance,FALSE,0,Document Library,10/13/2014 11:56:00 PM,LTContosoLibrary,4e42178f-f535-4805-af92-1d307ed991f4,Contoso Library,ContosoLibrary,10003,https://intranet.poc.com/sites/TestTeamSiteParent2,N/A,N/A,contoso.intranet.wsp,FALSE,https://intranet.poc.com/,https://intranet.poc.com/sites/TestTeamSiteParent2
ContosoLibraryContentType~0x010100C32DDAB6381C44868DCD5ADC4A5307D600991BB261BB2EDA45BDAB204E86818D9A,Portal_Content_01,0x,Contoso Library Instance,FALSE,0,Document Library,3/20/2015 6:05:05 PM,LTContosoLibrary,54f0fa9c-b953-44a2-8533-0230309ef1d1,Contoso Library,ContosoLibrary,10003,https://intranet.poc.com/sites/SudhaContosoTeamSite,N/A,N/A,contoso.intranet.wsp,FALSE,https://intranet.poc.com/,https://intranet.poc.com/sites/SudhaContosoTeamSite
ContosoLibraryContentType~0x010100C32DDAB6381C44868DCD5ADC4A5307D6004B81CEA28958D343AC797C9C678659B2,Portal_Content_01,0x,Contoso Library Instance,FALSE,0,Document Library,8/19/2015 10:56:24 PM,LTContosoLibrary,97a57a68-77ef-4b22-a791-117bea747155,Contoso Library,ContosoLibrary,10003,https://intranet.poc.com/sites/TestSiteColumnRemoval,N/A,N/A,contoso.intranet.wsp,FALSE,https://intranet.poc.com/,https://intranet.poc.com/sites/TestSiteColumnRemoval
ContosoLibraryContentType~0x010100C32DDAB6381C44868DCD5ADC4A5307D6009FC3DE840A143E4ABA3125DC3B8357EB,Portal_Content_01,0x,Contoso Library Instance,FALSE,0,Document Library,10/20/2015 5:18:09 PM,LTContosoLibrary,6673e767-fa37-4f44-9179-90751d3a436d,Contoso Library,ContosoLibrary,10003,https://intranet.poc.com/sites/TestAccesntureWebPartIssue,N/A,N/A,contoso.intranet.wsp,FALSE,https://intranet.poc.com/,https://intranet.poc.com/sites/TestAccesntureWebPartIssue/subsite
ContosoLibraryContentType~0x010100C32DDAB6381C44868DCD5ADC4A5307D6003180E2DB0BE0DF4DA0CEBF94349FFC32,Portal_Content_01,0x,Contoso Library Instance,FALSE,0,Document Library,7/29/2015 9:55:23 PM,LTContosoLibrary,8436e168-6f21-4184-beb1-4911d10f3771,Contoso Library,ContosoLibrary,10003,https://intranet.poc.com/sites/TestAccesntureWebPartIssue,N/A,N/A,contoso.intranet.wsp,FALSE,https://intranet.poc.com/,https://intranet.poc.com/sites/TestAccesntureWebPartIssue
ContosoLibraryContentType~0x010100C32DDAB6381C44868DCD5ADC4A5307D600CDA6B3451EABD248AF0C28C02DAC8132,Portal_Content_01,0x,Contoso Library Instance,FALSE,0,Document Library,7/31/2015 10:49:09 PM,LTContosoLibrary,d11ab179-c9b1-4424-b0e9-46014d57cd87,Contoso Library,ContosoLibrary,10003,https://intranet.poc.com/sites/AccentureTransformationTesting,N/A,N/A,contoso.intranet.wsp,FALSE,https://intranet.poc.com/,https://intranet.poc.com/sites/AccentureTransformationTesting
ContosoLibraryContentType~0x010100C32DDAB6381C44868DCD5ADC4A5307D600B524C50D9A778441B4214117BD3994F9,Portal_Content_01,0x,Contoso Library Instance,FALSE,0,Document Library,3/10/2015 7:27:52 PM,LTContosoLibrary,199950ed-b897-4338-a4a2-4315402874d1,Contoso Library,ContosoLibrary,10003,https://intranet.poc.com/sites/TestUnghostToolsForTransformationTool,N/A,N/A,contoso.intranet.wsp,FALSE,https://intranet.poc.com/,https://intranet.poc.com/sites/TestUnghostToolsForTransformationTool
ItemWithAuditingPolicy~0x0100DF74589D2B51A040A5E5534BEA9ACDB200479E43B2B99F084E8B990972E628ED52,Portal_Content_02,0x,My List Instance,FALSE,0,Generic List,5/27/2016 5:04:00 AM,Auditing Policy Test List,35a752f7-7a03-44a1-ae2e-2574b6225e3a,Auditing Policy Test List,Declarative Policy Test List,10000,https://intranet.poc.com/sites/DcCenterSC1,N/A,N/A,createcustompolicies.wsp,FALSE,https://intranet.poc.com/,https://intranet.poc.com/sites/DcCenterSC1
ItemWithAuditingPolicy~0x0100DF74589D2B51A040A5E5534BEA9ACDB20033F83BA1A332F043ACC31053718843FF,Portal_Content_02,0x,My List Instance,FALSE,0,Generic List,5/27/2016 5:03:58 AM,Auditing Policy Test List,0be219cb-7568-465b-a060-ebf890588cb3,Auditing Policy Test List,Auditing Policy Test List,10000,https://intranet.poc.com/sites/DcCenterSC1,N/A,N/A,createcustompolicies.wsp,FALSE,https://intranet.poc.com/,https://intranet.poc.com/sites/DcCenterSC1
ItemWithPolicies~0x010060C34C5995B20A45BB7B90E7829B53BC00D66593937368824F9F21C5CCF162E711,Portal_Content_02,0x,My List Instance,FALSE,0,Generic List,5/27/2016 5:03:58 AM,Multiple Policies Test List,0da067b5-42ce-42ce-b6a9-00904e1ff0e5,Multiple Policies Test List,Multiple Policies Test List,10001,https://intranet.poc.com/sites/DcCenterSC1,N/A,N/A,createcustompolicies.wsp,FALSE,https://intranet.poc.com/,https://intranet.poc.com/sites/DcCenterSC1
ItemWithPolicySchedule~0x0100C1B4F77D0FCBD34B8CFC8AC9C4841818008BC448996DDD3744B3AC316262CD9792,Portal_Content_02,0x,My List Instance,FALSE,0,Generic List,5/27/2016 5:03:59 AM,Scheduled Policy Test List,d39f7837-c861-4e95-875e-f64827b0eb90,Scheduled Policy Test List,Scheduled Policy Test List,10002,https://intranet.poc.com/sites/DcCenterSC1,N/A,N/A,createcustompolicies.wsp,FALSE,https://intranet.poc.com/,https://intranet.poc.com/sites/DcCenterSC1
ContosoLibraryContentType~0x010100C32DDAB6381C44868DCD5ADC4A5307D600541B1D490078254EBF6856697EB08178,Portal_Content_02,0x,Custom Library Migration,FALSE,1,Document Library,10/7/2014 6:14:51 PM,LTContosoLibrary,9a9c1b84-39c7-45f7-96fc-85052204b965,Contoso Library,ContosoLibrary,10003,https://intranet.poc.com/sites/TestContosoTeamSite_bckup2,N/A,N/A,contoso.intranet.wsp,FALSE,https://intranet.poc.com/,https://intranet.poc.com/sites/TestContosoTeamSite_bckup2
ContosoLibraryContentType~0x010100C32DDAB6381C44868DCD5ADC4A5307D600B471428A0BF8DB4590B2EDE1FD5BAF25,Portal_Content_02,0x,Contoso Library Instance,FALSE,0,Document Library,10/7/2014 6:23:28 PM,LTContosoLibrary,653bdc69-966b-4a0f-8e5a-fe67ee01b0a5,Contoso Library,ContosoLibrary,10003,https://intranet.poc.com/sites/TestContosoTeamSite_bckup2,N/A,N/A,contoso.intranet.wsp,FALSE,https://intranet.poc.com/,https://intranet.poc.com/sites/TestContosoTeamSite_bckup2/TestChildContosoTeamSite
ContosoLibraryContentType~0x010100C32DDAB6381C44868DCD5ADC4A5307D600882A035F1E45A348A3CE4E5FED36BBE5,Portal_Content_02,0x,Contoso Library Instance,FALSE,0,Document Library,6/9/2015 7:11:22 AM,LTContosoLibrary,8fcd3431-bbe8-44d2-bf8c-40e4470377ee,Contoso Library,ContosoLibrary,10003,https://intranet.poc.com/sites/TestContosoTeamSite_bckup2,N/A,N/A,contoso.intranet.wsp,FALSE,https://intranet.poc.com/,https://intranet.poc.com/sites/TestContosoTeamSite_bckup2/TestChildPubSIte
EventReceiverEnabledContentType~0x01004CFFB3E3E2524A529F068196C83269640045BD0B7283112142864326DE0B45FE57|FTCCT~0x01003365B58939354D2D937A2F67411DB39A00048A91B852D7EF4681FB13715CD6E66A|FTCCT28~0x01002F65DFBEABA84A788B96DE6BBBDD9F9300C2983CD8DAED234FB3A476497C08E392,Team_Content_01,0x,My List Instance,FALSE,4,Generic List,3/29/2016 7:47:26 AM,CheckListOne,da38ae7b-5c28-402b-8944-86b699ed3a6c,CheckListOne,CheckListOne,10000,https://teams.poc.com/sites/DTTesting,N/A,N/A,farmsolutionfeature.wsp,FALSE,https://teams.poc.com/,https://teams.poc.com/sites/DTTesting
N/A,Team_Content_01,0x,My List Instance,FALSE,0,Generic List,10/30/2015 12:01:42 PM,CheckListOne,474469bf-b2aa-499d-82f8-74f3d7df4c34,CheckListOne,CheckListOne,10000,https://teams.poc.com/sites/PMTTestTEamOne,N/A,N/A,farmsolutionfeature.wsp,FALSE,https://teams.poc.com/,https://teams.poc.com/sites/PMTTestTEamOne
N/A,Team_Content_01,0x,My List Instance,FALSE,0,Document Library,10/30/2015 12:01:43 PM,CheckListTwo,f496ef3c-b215-4ac9-9658-05d10476e602,CheckListTwo,CheckListTwo,10001,https://teams.poc.com/sites/PMTTestTEamOne,N/A,N/A,farmsolutionfeature.wsp,FALSE,https://teams.poc.com/,https://teams.poc.com/sites/PMTTestTEamOne
N/A,Team_Content_01,0x,My List Instance,FALSE,0,Document Library,3/29/2016 7:47:27 AM,CheckListTwo,ff5bb97c-5e51-4c4f-a228-0603acdbacb3,CheckListTwo,CheckListTwo,10001,https://teams.poc.com/sites/DTTesting,N/A,N/A,farmsolutionfeature.wsp,FALSE,https://teams.poc.com/,https://teams.poc.com/sites/DTTesting
